https://deliver-images.s3.amazonaws.com/products/avatars/000/018/704/original/gluten_free_pizza.png,10 Inch Pizza With Cauliflower Crust,11.99
https://deliver-images.s3.amazonaws.com/products/avatars/000/188/574/original/2b4da50bd28be7ebe65a062f216c141a.png,	16 inch BLT Pizza,11.99
https://deliver-images.s3.amazonaws.com/products/avatars/000/018/686/original/Hot_Deli_750308097959_Breakfast_Pizza_preview.png,16 Inch Breakfast Pizza,12.99
https://deliver-images.s3.amazonaws.com/products/avatars/000/039/860/original/8170d70a89cdd6d658a9aadccb64498d.png,16 Inch Cheesy Chicken Alfredo Pizza,11.99
https://deliver-images.s3.amazonaws.com/products/avatars/000/039/874/original/39be77efc8bb40822503b4420eaa1f00.png,16 Inch Chicken Bacon Ranch Pizza,11.99
https://deliver-images.s3.amazonaws.com/products/avatars/000/018/705/original/Hot_Deli_750308169748_Duo_Pizza_preview.png,16 Inch Duo Pizza,11.99
https://deliver-images.s3.amazonaws.com/products/avatars/000/018/669/original/Hot_Deli_750308169861_16_Inch_Pizza_preview.png,16 Inch Pizza - Build Your Own,11.99
https://deliver-images.s3.amazonaws.com/products/avatars/000/039/867/original/276eea578f473505cad2eae922d90dec.png,16 Inch Pizza Kickin' Chicken Buffalo,11.99
https://deliver-images.s3.amazonaws.com/products/avatars/000/026/650/original/Hot_Deli_750308151231_Pickle_Pizza.jpg,16 Inch Pizza Pickle,11.99
https://deliver-images.s3.amazonaws.com/products/avatars/000/026/653/original/Hot_Deli_750308151248_Pickle_Bacon_Pizza.jpg,16 Inch Pizza Pickle Bacon,11.99
https://deliver-images.s3.amazonaws.com/products/avatars/000/018/833/original/Hot_Deli_750308169861_16_Inch_Pizza_preview.png,16 Inch Pizza - Specialty Pizzas,11.99
https://deliver-images.s3.amazonaws.com/products/avatars/000/188/567/original/4621a88d880f04fe1ffa7876f20602b5.png,16 inch Tomato Basil Pizza,11.99
https://deliver-images.s3.amazonaws.com/products/avatars/000/018/668/original/Hot_Deli_750308169779_Two_Pizza_Slices_preview.png,2 Pizza Slices,3.99